metriche,valori
accuracy,0.996581986143187
precision,0.996581986143187
recall,0.996605193136985
