metriche,valori
accuracy,0.3235294117647059
precision,0.25882352941176473
recall,0.19614624505928854
