metriche,valori
accuracy,0.33088235294117646
precision,0.33088235294117646
recall,0.4456143881733021
