metriche,valori
accuracy,0.27941176470588236
precision,0.27941176470588236
recall,0.41692586358313816
