metriche,valori
accuracy,0.29411764705882354
precision,0.2941176470588235
recall,0.43374462581705053
