metriche,valori
accuracy,0.994412331406551
precision,0.994412331406551
recall,0.994504453287853
